State_Name,District_Name,Crop_Year,Season,Crop,Area,Rainfall,MaxTemp,Production,Productivity
Maharashtra,AHMEDNAGAR,1997,Kharif     ,Rice,5900,372.8,31.96,7200,1.22
Maharashtra,AKOLA,1997,Kharif     ,Rice,2900,587,32.79,1600,0.55
Maharashtra,AMRAVATI,1997,Kharif     ,Rice,9500,836.3,33.15,5800,0.61
Maharashtra,AURANGABAD,1997,Kharif     ,Rice,1100,751.3,32.86,1200,1.09
Maharashtra,BEED,1997,Kharif     ,Rice,3400,764.1,33.2,1700,0.5
Maharashtra,BHANDARA,1997,Kharif     ,Rice,306900,1065.7,33.5,381500,1.24
Maharashtra,BHANDARA,1997,Summer     ,Rice,128,1065.7,33.5,193,1.51
Maharashtra,BULDHANA,1997,Kharif     ,Rice,700,820.3,32.89,300,0.43
Maharashtra,CHANDRAPUR,1997,Kharif     ,Rice,136400,977.6,33.73,190100,1.39
Maharashtra,CHANDRAPUR,1997,Summer     ,Rice,11,977.6,33.73,13,1.18
Maharashtra,DHULE,1997,Kharif     ,Rice,25300,1354.8,32.33,21200,0.84
Maharashtra,GADCHIROLI,1997,Kharif     ,Rice,135300,922.2,33.96,148300,1.1
Maharashtra,GADCHIROLI,1997,Summer     ,Rice,25,922.2,33.96,29,1.16
Maharashtra,GONDIA,1997,Kharif     ,Rice,14700,694.7,33.96,8900,0.61
Maharashtra,HINGOLI,1997,Kharif     ,Rice,177500,1270.8,33.02,334600,1.89
Maharashtra,JALGAON,1997,Kharif     ,Rice,1700,829.9,33.34,1600,0.94
Maharashtra,JALNA,1997,Kharif     ,Rice,1600,772.2,33.2,800,0.5
Maharashtra,KOLHAPUR,1997,Kharif     ,Rice,1100,2662.4,29.32,246100,223.73
Maharashtra,KOLHAPUR,1997,Summer     ,Rice,3,2662.4,29.32,8,2.67
Maharashtra,LATUR,1997,Kharif     ,Rice,20700,799,33.51,5500,0.27
Maharashtra,NAGPUR,1997,Kharif     ,Rice,29200,982.4,33.52,23700,0.81
Maharashtra,NAGPUR,1997,Summer     ,Rice,2,982.4,33.52,3,1.5
Maharashtra,NANDED,1997,Kharif     ,Rice,25700,824.9,33.14,15100,0.59
Maharashtra,NANDURBAR,1997,Kharif     ,Rice,210,1144,33.46,312,1.49
Maharashtra,NASHIK,1997,Kharif     ,Rice,44600,1547.8,31.87,59600,1.34
Maharashtra,OSMANABAD,1997,Kharif     ,Rice,13900,757.6,33.67,3900,0.28
Maharashtra,PALGHAR,1997,Kharif     ,Rice,82,1000.9,30.12,224,2.73
Maharashtra,PARBHANI,1997,Kharif     ,Rice,22300,801.5,33.09,10300,0.46
Maharashtra,PUNE,1997,Kharif     ,Rice,59400,1844.8,30.74,66000,1.11
Maharashtra,RAIGAD,1997,Kharif     ,Rice,123800,1000.9,30.12,311900,2.52
Maharashtra,RAIGAD,1997,Summer     ,Rice,82,1000.9,30.12,224,2.73
Maharashtra,RATNAGIRI,1997,Kharif     ,Rice,79200,1000.9,31.9,183200,2.31
Maharashtra,RATNAGIRI,1997,Summer     ,Rice,3,1000.9,31.9,8,2.67
Maharashtra,SANGLI,1997,Kharif     ,Rice,15700,1599.2,31.37,32400,2.06
Maharashtra,SATARA,1997,Kharif     ,Rice,41100,2318.7,31.06,64300,1.56
Maharashtra,SINDHUDURG,1997,Kharif     ,Rice,75300,1000.9,30.12,196900,2.61
Maharashtra,SINDHUDURG,1997,Summer     ,Rice,46,1000.9,30.12,82,1.78
Maharashtra,SOLAPUR,1997,Kharif     ,Rice,2100,825.7,32.62,2300,1.1
Maharashtra,THANE,1997,Kharif     ,Rice,146700,1000.9,30.12,343300,2.34
Maharashtra,THANE,1997,Summer     ,Rice,29,1000.9,30.12,86,2.97
Maharashtra,WARDHA,1997,Kharif     ,Rice,800,918.3,33.44,400,0.5
Maharashtra,WASHIM,1997,Kharif     ,Rice,19500,725.4,33.85,28400,1.46
Maharashtra,YAVATMAL,1997,Kharif     ,Rice,6700,833.7,33.31,3800,0.57
Maharashtra,AHMEDNAGAR,1998,Kharif     ,Rice,5600,776.4,32.6,7400,1.32
Maharashtra,AKOLA,1998,Kharif     ,Rice,2900,814.5,33.97,2000,0.69
Maharashtra,AMRAVATI,1998,Kharif     ,Rice,8700,885.2,34.27,6100,0.7
Maharashtra,AURANGABAD,1998,Kharif     ,Rice,1200,774,33.66,600,0.5
Maharashtra,BEED,1998,Kharif     ,Rice,3500,869.5,33.97,1400,0.4
Maharashtra,BHANDARA,1998,Kharif     ,Rice,311400,1123.5,33.73,365800,1.17
Maharashtra,BHANDARA,1998,Summer     ,Rice,13500,1123.5,33.73,21100,1.56
Maharashtra,BULDHANA,1998,Kharif     ,Rice,500,862.8,33.94,400,0.8
Maharashtra,CHANDRAPUR,1998,Kharif     ,Rice,132200,1115.8,34.08,159700,1.21
Maharashtra,CHANDRAPUR,1998,Summer     ,Rice,3000,1115.8,34.08,4700,1.57
Maharashtra,DHULE,1998,Kharif     ,Rice,26400,1190.4,33,15900,0.6
Maharashtra,GADCHIROLI,1998,Kharif     ,Rice,138300,1051.8,34.33,154100,1.11
Maharashtra,GADCHIROLI,1998,Summer     ,Rice,4800,1051.8,34.33,7100,1.48
Maharashtra,GONDIA,1998,Kharif     ,Rice,14500,555.4,34.18,9700,0.67
Maharashtra,HINGOLI,1998,Kharif     ,Rice,8900,1270.8,33.02,21300,2.39
Maharashtra,JALGAON,1998,Kharif     ,Rice,1800,729.8,34.18,1900,1.06
Maharashtra,JALNA,1998,Kharif     ,Rice,1100,871.8,34.13,400,0.36
Maharashtra,KOLHAPUR,1998,Kharif     ,Rice,106000,2213.2,29.51,289100,2.73
Maharashtra,KOLHAPUR,1998,Summer     ,Rice,300,2213.2,29.51,700,2.33
Maharashtra,LATUR,1998,Kharif     ,Rice,20300,957.5,34.21,9800,0.48
Maharashtra,NAGPUR,1998,Kharif     ,Rice,29000,1070.9,33.96,40000,1.38
Maharashtra,NAGPUR,1998,Summer     ,Rice,200,1070.9,33.96,300,1.5
Maharashtra,NANDED,1998,Kharif     ,Rice,25300,1116.2,34.06,15800,0.62
Maharashtra,NANDURBAR,1998,Kharif     ,Rice,20400,890.7,33.78,21900,1.07
Maharashtra,NASHIK,1998,Kharif     ,Rice,45600,1445.4,32.46,57200,1.25
Maharashtra,OSMANABAD,1998,Kharif     ,Rice,14800,829.5,34.26,3600,0.24
Maharashtra,PALGHAR,1998,Kharif     ,Rice,127300,1101.1,30.33,326700,2.57
Maharashtra,PARBHANI,1998,Kharif     ,Rice,22900,991.1,34.03,10300,0.45
Maharashtra,PUNE,1998,Kharif     ,Rice,60800,1603.2,31.19,73700,1.21
Maharashtra,RAIGAD,1998,Kharif     ,Rice,127300,1101.1,30.33,326700,2.57
Maharashtra,RAIGAD,1998,Summer     ,Rice,8100,1101.1,30.33,21000,2.59
Maharashtra,RATNAGIRI,1998,Kharif     ,Rice,78400,1101.1,32.51,219100,2.79
Maharashtra,RATNAGIRI,1998,Summer     ,Rice,400,1101.1,32.51,1100,2.75
Maharashtra,SANGLI,1998,Kharif     ,Rice,16300,1410.6,31.7,51500,3.16
Maharashtra,SATARA,1998,Kharif     ,Rice,41500,1975.6,31.42,100200,2.41
Maharashtra,SINDHUDURG,1998,Kharif     ,Rice,75600,1101.1,30.33,208200,2.75
Maharashtra,SINDHUDURG,1998,Summer     ,Rice,4500,1101.1,30.33,10100,2.24
Maharashtra,SOLAPUR,1998,Kharif     ,Rice,2900,829.2,33.09,3300,1.14
Maharashtra,THANE,1998,Kharif     ,Rice,139500,1101.1,30.55,266400,1.91
Maharashtra,THANE,1998,Summer     ,Rice,2600,1101.1,30.55,6400,2.46
Maharashtra,WARDHA,1998,Kharif     ,Rice,500,1059.6,34.13,500,1
Maharashtra,WASHIM,1998,Kharif     ,Rice,22500,1344,33.65,20300,0.9
Maharashtra,YAVATMAL,1998,Kharif     ,Rice,5400,1086.2,34.21,4000,0.74
Maharashtra,AHMEDNAGAR,1999,Kharif     ,Rice,5700,409.8,31.91,8000,1.4
Maharashtra,AKOLA,1999,Kharif     ,Rice,8800,1020.8,33.57,5600,0.64
Maharashtra,AMRAVATI,1999,Kharif     ,Rice,8800,1020.8,33.57,5600,0.64
Maharashtra,AURANGABAD,1999,Kharif     ,Rice,900,755.6,32.97,400,0.44
Maharashtra,BEED,1999,Kharif     ,Rice,3800,761.9,33.17,1700,0.45
Maharashtra,BHANDARA,1999,Kharif     ,Rice,141000,1203.1,33.54,218200,1.55
Maharashtra,BHANDARA,1999,Summer     ,Rice,5500,1203.1,33.54,11400,2.07
Maharashtra,BULDHANA,1999,Kharif     ,Rice,200,922.1,33.15,100,0.5
Maharashtra,CHANDRAPUR,1999,Kharif     ,Rice,140600,1036.9,33.67,211500,1.5
Maharashtra,CHANDRAPUR,1999,Summer     ,Rice,3100,1036.9,33.67,4800,1.55
Maharashtra,DHULE,1999,Kharif     ,Rice,4900,1033.6,32.55,4700,0.96
Maharashtra,GADCHIROLI,1999,Kharif     ,Rice,139400,1032,33.76,190100,1.36
Maharashtra,GADCHIROLI,1999,Summer     ,Rice,5400,1032,33.76,10200,1.89
Maharashtra,GONDIA,1999,Kharif     ,Rice,15000,1260,33.41,9000,0.6
Maharashtra,HINGOLI,1999,Kharif     ,Rice,188100,1904,34.56,292500,1.56
Maharashtra,JALGAON,1999,Kharif     ,Rice,1800,766.9,33.53,1700,0.94
Maharashtra,JALNA,1999,Kharif     ,Rice,1300,844.1,33.35,700,0.54
Maharashtra,KOLHAPUR,1999,Kharif     ,Rice,103200,2010.8,29.07,261900,2.54
Maharashtra,KOLHAPUR,1999,Summer     ,Rice,300,2010.8,29.07,700,2.33
Maharashtra,LATUR,1999,Kharif     ,Rice,19700,750.1,33.38,11700,0.59
Maharashtra,NAGPUR,1999,Kharif     ,Rice,37300,1124.7,33.69,41500,1.11
Maharashtra,NAGPUR,1999,Summer     ,Rice,400,1124.7,33.69,700,1.75
Maharashtra,NANDED,1999,Kharif     ,Rice,26100,957.8,33.18,15600,0.6
Maharashtra,NANDURBAR,1999,Kharif     ,Rice,179400,1336.8,33.3,229400,1.28
Maharashtra,NANDURBAR,1999,Summer     ,Rice,10800,1336.8,33.3,17400,1.61
Maharashtra,NASHIK,1999,Kharif     ,Rice,47800,1131,31.87,57200,1.2
Maharashtra,OSMANABAD,1999,Kharif     ,Rice,15200,655.8,33.47,8500,0.56
Maharashtra,PALGHAR,1999,Kharif     ,Rice,8100,1101.1,30.33,21000,2.59
Maharashtra,PARBHANI,1999,Kharif     ,Rice,9100,893.4,33.16,4200,0.46
Maharashtra,PUNE,1999,Kharif     ,Rice,61700,1235.7,30.55,89200,1.45
Maharashtra,RAIGAD,1999,Kharif     ,Rice,127400,965.7,31.2,307500,2.41
Maharashtra,RAIGAD,1999,Summer     ,Rice,8300,965.7,31.2,21000,2.53
Maharashtra,RATNAGIRI,1999,Kharif     ,Rice,79400,965.7,32.56,191500,2.41
Maharashtra,RATNAGIRI,1999,Summer     ,Rice,500,965.7,32.56,1300,2.6
Maharashtra,SANGLI,1999,Kharif     ,Rice,17900,1189.7,31.12,47200,2.64
Maharashtra,SATARA,1999,Kharif     ,Rice,44000,1567,30.82,71100,1.62
Maharashtra,SINDHUDURG,1999,Kharif     ,Rice,75400,965.7,31.2,172400,2.29
Maharashtra,SINDHUDURG,1999,Summer     ,Rice,4500,965.7,31.2,8900,1.98
Maharashtra,SOLAPUR,1999,Kharif     ,Rice,3200,660.9,32.38,4200,1.31
Maharashtra,THANE,1999,Kharif     ,Rice,139200,965.7,30.89,295500,2.12
Maharashtra,THANE,1999,Summer     ,Rice,2600,965.7,30.89,6500,2.5
Maharashtra,WARDHA,1999,Kharif     ,Rice,500,1113.9,33.66,300,0.6
Maharashtra,WASHIM,1999,Kharif     ,Rice,1900,1048.7,33.31,1200,0.63
Maharashtra,YAVATMAL,1999,Kharif     ,Rice,5300,1073.6,33.47,4600,0.87
Maharashtra,AHMEDNAGAR,2000,Kharif     ,Rice,5500,490.57,32.56,3800,0.69
Maharashtra,AKOLA,2000,Kharif     ,Rice,8900,604.3,34.08,4400,0.49
Maharashtra,AMRAVATI,2000,Kharif     ,Rice,8900,604.3,34.08,4400,0.49
Maharashtra,AURANGABAD,2000,Kharif     ,Rice,600,447.4,33.26,400,0.67
Maharashtra,BEED,2000,Kharif     ,Rice,3400,568,33.45,2000,0.59
Maharashtra,BHANDARA,2000,Kharif     ,Rice,138800,992.4,33.61,139700,1.01
Maharashtra,BHANDARA,2000,Summer     ,Rice,3500,992.4,33.61,7200,2.06
Maharashtra,BULDHANA,2000,Kharif     ,Rice,200,501.7,33.61,200,1
Maharashtra,CHANDRAPUR,2000,Kharif     ,Rice,144800,1079,33.79,119200,0.82
Maharashtra,CHANDRAPUR,2000,Summer     ,Rice,1500,1079,33.79,1600,1.07
Maharashtra,DHULE,2000,Kharif     ,Rice,4900,814.8,32.56,1800,0.37
Maharashtra,GADCHIROLI,2000,Kharif     ,Rice,138400,1062,33.93,107300,0.78
Maharashtra,GADCHIROLI,2000,Summer     ,Rice,2400,1062,33.93,2800,1.17
Maharashtra,GONDIA,2000,Kharif     ,Rice,181800,1027.1,33.53,156100,0.86
Maharashtra,GONDIA,2000,Summer     ,Rice,1600,1027.1,33.53,3600,2.25
Maharashtra,HINGOLI,2000,Kharif     ,Rice,14700,694.7,33.96,8900,0.61
Maharashtra,JALGAON,2000,Kharif     ,Rice,1700,486.5,33.76,2100,1.24
Maharashtra,JALNA,2000,Kharif     ,Rice,1200,774.4,33.75,700,0.58
Maharashtra,KOLHAPUR,2000,Kharif     ,Rice,106300,1871.8,29.1,232800,2.19
Maharashtra,KOLHAPUR,2000,Summer     ,Rice,400,1871.8,29.1,900,2.25
Maharashtra,LATUR,2000,Kharif     ,Rice,20800,759.4,33.54,13000,0.63
Maharashtra,NAGPUR,2000,Kharif     ,Rice,37500,871,33.84,37100,0.99
Maharashtra,NAGPUR,2000,Summer     ,Rice,200,871,33.84,300,1.5
Maharashtra,NANDED,2000,Kharif     ,Rice,26700,861.3,33.5,20100,0.75
Maharashtra,NANDURBAR,2000,Kharif     ,Rice,21000,1157.2,33.49,4900,0.23
Maharashtra,NASHIK,2000,Kharif     ,Rice,45600,957.6,32.03,39800,0.87
Maharashtra,OSMANABAD,2000,Kharif     ,Rice,17200,642,33.59,8400,0.49
Maharashtra,PALGHAR,2000,Kharif     ,Rice,127400,965.7,31.2,307500,2.41
Maharashtra,PARBHANI,2000,Kharif     ,Rice,9600,637.5,33.53,3300,0.34
Maharashtra,PUNE,2000,Kharif     ,Rice,64000,1094.1,30.69,75200,1.18
Maharashtra,RAIGAD,2000,Kharif     ,Rice,126400,701.6,32.4,274100,2.17
Maharashtra,RAIGAD,2000,Summer     ,Rice,8300,701.6,32.4,17600,2.12
Maharashtra,RATNAGIRI,2000,Kharif     ,Rice,78400,701.6,31.84,165900,2.12
Maharashtra,RATNAGIRI,2000,Summer     ,Rice,400,701.6,31.84,1200,3
Maharashtra,SANGLI,2000,Kharif     ,Rice,18600,1189.5,31.17,40400,2.17
Maharashtra,SATARA,2000,Kharif     ,Rice,43900,1502,30.91,51300,1.17
Maharashtra,SINDHUDURG,2000,Kharif     ,Rice,75400,701.6,32.4,187300,2.48
Maharashtra,SINDHUDURG,2000,Summer     ,Rice,4400,701.6,32.4,10200,2.32
Maharashtra,SOLAPUR,2000,Kharif     ,Rice,700,646.5,31.47,200,0.29
Maharashtra,SOLAPUR,2000,Kharif     ,Rice,3000,658.4,32.45,3400,1.13
Maharashtra,THANE,2000,Kharif     ,Rice,139300,701.6,31.02,170200,1.22
Maharashtra,THANE,2000,Summer     ,Rice,2400,701.6,31.02,5100,2.13
Maharashtra,WARDHA,2000,Kharif     ,Rice,600,822.9,33.94,300,0.5
Maharashtra,WASHIM,2000,Kharif     ,Rice,2000,567.9,33.9,800,0.4
Maharashtra,YAVATMAL,2000,Kharif     ,Rice,5200,821.4,33.86,4300,0.83
Maharashtra,AHMEDNAGAR,2001,Kharif     ,Rice,7300,372.78,32.37,4100,0.56
Maharashtra,AKOLA,2001,Kharif     ,Rice,10300,547.1,34.17,9700,0.94
Maharashtra,AMRAVATI,2001,Kharif     ,Rice,10300,547.1,34.17,9700,0.94
Maharashtra,AURANGABAD,2001,Kharif     ,Rice,500,440.2,33.3,300,0.6
Maharashtra,BEED,2001,Kharif     ,Rice,2400,531,33.66,1500,0.63
Maharashtra,BHANDARA,2001,Kharif     ,Rice,142400,1249.3,33.9,195500,1.37
Maharashtra,BHANDARA,2001,Summer     ,Rice,4000,1249.3,33.9,8600,2.15
Maharashtra,BULDHANA,2001,Kharif     ,Rice,200,449.4,33.67,200,1
Maharashtra,CHANDRAPUR,2001,Kharif     ,Rice,152700,1156,34.04,220500,1.44
Maharashtra,CHANDRAPUR,2001,Summer     ,Rice,500,1156,34.04,600,1.2
Maharashtra,DHULE,2001,Kharif     ,Rice,4900,823.5,32.37,5600,1.14
Maharashtra,GADCHIROLI,2001,Kharif     ,Rice,142100,1144,34.08,163800,1.15
Maharashtra,GADCHIROLI,2001,Summer     ,Rice,3000,1144,34.08,4900,1.63
Maharashtra,GONDIA,2001,Kharif     ,Rice,177800,1292.5,33.76,231400,1.3
Maharashtra,GONDIA,2001,Summer     ,Rice,3400,1292.5,33.76,6500,1.91
Maharashtra,HINGOLI,2001,Kharif     ,Rice,14500,555.4,34.18,9700,0.67
Maharashtra,JALGAON,2001,Kharif     ,Rice,1200,490,33.67,700,0.58
Maharashtra,JALNA,2001,Kharif     ,Rice,600,433.2,33.9,400,0.67
Maharashtra,KOLHAPUR,2001,Kharif     ,Rice,105900,1376,29.27,289400,2.73
Maharashtra,KOLHAPUR,2001,Summer     ,Rice,400,1376,29.27,1100,2.75
Maharashtra,LATUR,2001,Kharif     ,Rice,20700,678.6,33.84,13400,0.65
Maharashtra,NAGPUR,2001,Kharif     ,Rice,42500,1039.6,34.14,54700,1.29
Maharashtra,NAGPUR,2001,Summer     ,Rice,200,1039.6,34.14,400,2
Maharashtra,NANDED,2001,Kharif     ,Rice,23900,688.7,33.78,24400,1.02
Maharashtra,NANDURBAR,2001,Kharif     ,Rice,20000,1171.4,33.23,12300,0.62
Maharashtra,NASHIK,2001,Kharif     ,Rice,46600,981.1,31.96,56300,1.21
Maharashtra,OSMANABAD,2001,Kharif     ,Rice,15800,613.4,33.86,2400,0.15
Maharashtra,PALGHAR,2001,Kharif     ,Rice,8300,965.7,31.2,21000,2.53
Maharashtra,PARBHANI,2001,Kharif     ,Rice,9600,548.8,33.76,5300,0.55
Maharashtra,PUNE,2001,Kharif     ,Rice,59100,1045.8,30.82,86400,1.46
Maharashtra,RAIGAD,2001,Kharif     ,Rice,125400,785.1,31.8,332200,2.65
Maharashtra,RAIGAD,2001,Summer     ,Rice,8300,785.1,31.8,24600,2.96
Maharashtra,RATNAGIRI,2001,Kharif     ,Rice,78400,785.1,31.5,209200,2.67
Maharashtra,RATNAGIRI,2001,Summer     ,Rice,300,785.1,31.5,1000,3.33
Maharashtra,SANGLI,2001,Kharif     ,Rice,17700,956.7,31.36,47200,2.67
Maharashtra,SATARA,2001,Kharif     ,Rice,44600,1281.4,31.08,77200,1.73
Maharashtra,SINDHUDURG,2001,Kharif     ,Rice,74300,785.1,31.8,189400,2.55
Maharashtra,SINDHUDURG,2001,Summer     ,Rice,4300,785.1,31.8,8000,1.86
Maharashtra,SOLAPUR,2001,Kharif     ,Rice,600,612.9,32.7,800,1.33
Maharashtra,THANE,2001,Kharif     ,Rice,138600,785.1,31.56,340000,2.45
Maharashtra,THANE,2001,Summer     ,Rice,2400,785.1,31.56,5100,2.13
Maharashtra,WARDHA,2001,Kharif     ,Rice,500,864.5,34.22,300,0.6
Maharashtra,WASHIM,2001,Kharif     ,Rice,1300,453.1,34.09,1300,1
Maharashtra,YAVATMAL,2001,Kharif     ,Rice,4800,722.3,34.12,4800,1
Maharashtra,AHMEDNAGAR,2002,Kharif     ,Rice,7400,411.85,32.71,1700,0.23
Maharashtra,AKOLA,2002,Kharif     ,Rice,11000,748.1,34.16,7200,0.65
Maharashtra,AMRAVATI,2002,Kharif     ,Rice,11000,748.1,34.16,7200,0.65
Maharashtra,AURANGABAD,2002,Kharif     ,Rice,600,502.3,33.45,200,0.33
Maharashtra,BEED,2002,Kharif     ,Rice,2400,551.6,33.73,600,0.25
Maharashtra,BHANDARA,2002,Kharif     ,Rice,168600,1061.2,34.33,190500,1.13
Maharashtra,BHANDARA,2002,Summer     ,Rice,3300,1061.2,34.33,6900,2.09
Maharashtra,BULDHANA,2002,Kharif     ,Rice,100,671.5,33.64,100,1
Maharashtra,CHANDRAPUR,2002,Kharif     ,Rice,142100,947.2,34.34,108300,0.76
Maharashtra,CHANDRAPUR,2002,Summer     ,Rice,400,947.2,34.34,700,1.75
Maharashtra,DHULE,2002,Kharif     ,Rice,5200,787.5,32.71,4200,0.81
Maharashtra,GADCHIROLI,2002,Kharif     ,Rice,142600,911.4,34.09,74900,0.53
Maharashtra,GADCHIROLI,2002,Summer     ,Rice,1500,911.4,34.09,2800,1.87
Maharashtra,GONDIA,2002,Kharif     ,Rice,168400,1091.1,34.21,164200,0.98
Maharashtra,GONDIA,2002,Summer     ,Rice,4200,1091.1,34.21,9700,2.31
Maharashtra,HINGOLI,2002,Kharif     ,Rice,15900,769.1,34.06,9300,0.58
Maharashtra,JALGAON,2002,Kharif     ,Rice,900,564.4,33.84,800,0.89
Maharashtra,JALNA,2002,Kharif     ,Rice,600,583.9,33.91,100,0.17
Maharashtra,KOLHAPUR,2002,Kharif     ,Rice,105600,1636.2,29.58,233200,2.21
Maharashtra,KOLHAPUR,2002,Summer     ,Rice,500,1636.2,29.58,1500,3
Maharashtra,LATUR,2002,Kharif     ,Rice,20700,621.2,33.87,9200,0.44
Maharashtra,NAGPUR,2002,Kharif     ,Rice,42600,967.4,34.45,40200,0.94
Maharashtra,NAGPUR,2002,Summer     ,Rice,900,967.4,34.45,1900,2.11
Maharashtra,NANDED,2002,Kharif     ,Rice,24100,786.5,33.69,15300,0.63
Maharashtra,NANDURBAR,2002,Kharif     ,Rice,19800,1014,33.6,14500,0.73
Maharashtra,NASHIK,2002,Kharif     ,Rice,49100,863.2,32.3,43900,0.89
Maharashtra,OSMANABAD,2002,Kharif     ,Rice,16700,521.9,33.97,5200,0.31
Maharashtra,PALGHAR,2002,Kharif     ,Rice,126400,701.6,32.4,274100,2.17
Maharashtra,PARBHANI,2002,Kharif     ,Rice,9400,675.9,33.72,4700,0.5
Maharashtra,PUNE,2002,Kharif     ,Rice,57700,1024.9,31.12,40000,0.69
Maharashtra,RAIGAD,2002,Kharif     ,Rice,124600,711.7,31.59,256000,2.05
Maharashtra,RAIGAD,2002,Summer     ,Rice,8600,711.7,31.59,21800,2.53
Maharashtra,RATNAGIRI,2002,Kharif     ,Rice,78500,711.7,31.89,148300,1.89
Maharashtra,RATNAGIRI,2002,Summer     ,Rice,300,711.7,31.89,800,2.67
Maharashtra,SANGLI,2002,Kharif     ,Rice,18500,978.8,31.66,28400,1.54
Maharashtra,SATARA,2002,Kharif     ,Rice,45400,1316.9,31.39,71200,1.57
Maharashtra,SINDHUDURG,2002,Kharif     ,Rice,74500,711.7,31.59,163300,2.19
Maharashtra,SINDHUDURG,2002,Summer     ,Rice,4400,711.7,31.59,9000,2.05
Maharashtra,SOLAPUR,2002,Kharif     ,Rice,500,525.1,32.89,300,0.6
Maharashtra,THANE,2002,Kharif     ,Rice,138000,711.7,31.84,153800,1.11
Maharashtra,THANE,2002,Summer     ,Rice,2400,711.7,31.84,6000,2.5
Maharashtra,WARDHA,2002,Kharif     ,Rice,500,906.9,34.34,300,0.6
Maharashtra,WASHIM,2002,Kharif     ,Rice,1100,758.1,33.92,700,0.64
Maharashtra,YAVATMAL,2002,Kharif     ,Rice,3700,854.6,34.08,2400,0.65
Maharashtra,AHMEDNAGAR,2003,Kharif     ,Rice,7600,303,32.65,5900,0.78
Maharashtra,AKOLA,2003,Kharif     ,Rice,10200,681.8,34.12,6000,0.59
Maharashtra,AMRAVATI,2003,Kharif     ,Rice,10200,681.8,34.12,6000,0.59
Maharashtra,AURANGABAD,2003,Kharif     ,Rice,600,715.4,32.55,200,0.33
Maharashtra,BEED,2003,Kharif     ,Rice,2500,691,33.59,1000,0.4
Maharashtra,BHANDARA,2003,Kharif     ,Rice,170000,1355.2,33.56,264200,1.55
Maharashtra,BHANDARA,2003,Summer     ,Rice,3300,1355.2,33.56,7700,2.33
Maharashtra,BULDHANA,2003,Kharif     ,Rice,6700,833.7,33.31,3800,0.57
Maharashtra,CHANDRAPUR,2003,Kharif     ,Rice,142700,1289.6,34.52,206900,1.45
Maharashtra,CHANDRAPUR,2003,Summer     ,Rice,700,1289.6,34.52,700,1
Maharashtra,DHULE,2003,Kharif     ,Rice,5000,595.8,32.65,6900,1.38
Maharashtra,GADCHIROLI,2003,Kharif     ,Rice,144300,1060.9,33.95,175700,1.22
Maharashtra,GADCHIROLI,2003,Summer     ,Rice,1800,1418.2,33.95,3400,1.89
Maharashtra,GONDIA,2003,Kharif     ,Rice,170000,1394.4,33.12,255000,1.5
Maharashtra,GONDIA,2003,Summer     ,Rice,6600,1394.4,33.12,11900,1.8
Maharashtra,HINGOLI,2003,Kharif     ,Rice,9500,904.5,33.84,4800,0.51
Maharashtra,JALGAON,2003,Kharif     ,Rice,900,734.8,34.26,1100,1.22
Maharashtra,JALNA,2003,Kharif     ,Rice,700,721.9,33.54,300,0.43
Maharashtra,KOLHAPUR,2003,Kharif     ,Rice,106200,1656.4,29.3,246100,2.32
Maharashtra,KOLHAPUR,2003,Summer     ,Rice,700,1656.4,29.3,2200,3.14
Maharashtra,LATUR,2003,Kharif     ,Rice,20500,849.3,33.91,6700,0.33
Maharashtra,NAGPUR,2003,Kharif     ,Rice,43900,1129.9,33.56,63400,1.44
Maharashtra,NAGPUR,2003,Summer     ,Rice,1000,1129.9,33.56,1900,1.9
Maharashtra,NANDED,2003,Kharif     ,Rice,23300,931.3,34.21,13400,0.58
Maharashtra,NANDURBAR,2003,Kharif     ,Rice,22400,832.5,33.26,17700,0.79
Maharashtra,NASHIK,2003,Kharif     ,Rice,50600,912.4,31.64,66300,1.31
Maharashtra,OSMANABAD,2003,Kharif     ,Rice,18000,771,33.84,2600,0.14
Maharashtra,PALGHAR,2003,Kharif     ,Rice,8300,701.6,32.4,17600,2.12
Maharashtra,PARBHANI,2003,Kharif     ,Rice,9600,898.7,34.21,3600,0.38
Maharashtra,PUNE,2003,Kharif     ,Rice,60400,1032.7,31.2,84700,1.4
Maharashtra,RAIGAD,2003,Kharif     ,Rice,124600,740.3,32.08,353600,2.84
Maharashtra,RAIGAD,2003,Summer     ,Rice,8500,740.3,32.08,22700,2.67
Maharashtra,RATNAGIRI,2003,Kharif     ,Rice,79200,740.3,32.56,238500,3.01
Maharashtra,RATNAGIRI,2003,Summer     ,Rice,200,740.3,32.56,600,3
Maharashtra,SANGLI,2003,Kharif     ,Rice,15600,673.1,31.22,39500,2.53
Maharashtra,SATARA,2003,Kharif     ,Rice,44200,1376.2,31.1,73400,1.66
Maharashtra,SINDHUDURG,2003,Kharif     ,Rice,74700,740.3,32.08,236900,3.17
Maharashtra,SINDHUDURG,2003,Summer     ,Rice,4300,740.3,32.08,8500,1.98
Maharashtra,SOLAPUR,2003,Kharif     ,Rice,200,614.3,31.56,100,0.5
Maharashtra,THANE,2003,Kharif     ,Rice,138500,2378.3,31.08,391600,2.83
Maharashtra,THANE,2003,Summer     ,Rice,2400,2378.3,31.08,5900,2.46
Maharashtra,WARDHA,2003,Kharif     ,Rice,300,1185.6,33.56,200,0.67
Maharashtra,WASHIM,2003,Kharif     ,Rice,900,896.2,33.15,300,0.33
Maharashtra,YAVATMAL,2003,Kharif     ,Rice,3300,990.8,33.76,2000,0.61
Maharashtra,AHMEDNAGAR,2004,Kharif     ,Rice,8000,589.21,32.41,5800,0.73
Maharashtra,AKOLA,2004,Kharif     ,Rice,9600,511.6,34.6,4200,0.44
Maharashtra,AMRAVATI,2004,Kharif     ,Rice,9600,511.6,34.6,4200,0.44
Maharashtra,AURANGABAD,2004,Kharif     ,Rice,300,715.4,32.84,200,0.67
Maharashtra,BEED,2004,Kharif     ,Rice,2300,691,33.12,600,0.26
Maharashtra,BHANDARA,2004,Kharif     ,Rice,164100,1355.2,33.21,119700,0.73
Maharashtra,BHANDARA,2004,Summer     ,Rice,1800,1355.2,33.21,4400,2.44
Maharashtra,BULDHANA,2004,Kharif     ,Rice,5400,1086.2,34.21,4000,0.74
Maharashtra,CHANDRAPUR,2004,Kharif     ,Rice,142500,1289.6,34.18,107200,0.75
Maharashtra,CHANDRAPUR,2004,Summer     ,Rice,500,1289.6,34.18,1100,2.2
Maharashtra,DHULE,2004,Kharif     ,Rice,5100,595.8,32.41,5400,1.06
Maharashtra,GADCHIROLI,2004,Kharif     ,Rice,145200,1418.2,33.87,125200,0.86
Maharashtra,GADCHIROLI,2004,Summer     ,Rice,700,1418.2,33.87,1000,1.43
Maharashtra,GONDIA,2004,Kharif     ,Rice,162500,1394.4,33.56,97600,0.6
Maharashtra,GONDIA,2004,Summer     ,Rice,1300,1394.4,33.56,2800,2.15
Maharashtra,HINGOLI,2004,Kharif     ,Rice,7800,904.5,33.66,1800,0.23
Maharashtra,JALGAON,2004,Kharif     ,Rice,400,734.8,33.45,400,1
Maharashtra,JALNA,2004,Kharif     ,Rice,500,721.9,33.81,200,0.4
Maharashtra,KOLHAPUR,2004,Kharif     ,Rice,110500,1656.4,28.9,279100,2.53
Maharashtra,KOLHAPUR,2004,Summer     ,Rice,600,1656.4,28.9,2200,3.67
Maharashtra,LATUR,2004,Kharif     ,Rice,19900,849.3,33.26,6200,0.31
Maharashtra,NAGPUR,2004,Kharif     ,Rice,43100,1129.9,33.95,41200,0.96
Maharashtra,NAGPUR,2004,Summer     ,Rice,200,1129.9,33.95,400,2
Maharashtra,NANDED,2004,Kharif     ,Rice,16400,931.3,34.08,8200,0.5
Maharashtra,NANDURBAR,2004,Kharif     ,Rice,21200,832.5,33.84,9700,0.46
Maharashtra,NASHIK,2004,Kharif     ,Rice,50800,1058,32.1,70200,1.38
Maharashtra,OSMANABAD,2004,Kharif     ,Rice,18500,771,33.72,6700,0.36
Maharashtra,PALGHAR,2004,Kharif     ,Rice,125400,785.1,31.8,332200,2.65
Maharashtra,PARBHANI,2004,Kharif     ,Rice,9900,898.7,33.31,3100,0.31
Maharashtra,PUNE,2004,Kharif     ,Rice,67600,1032.7,31.56,85100,1.26
Maharashtra,RAIGAD,2004,Kharif     ,Rice,124500,883.4,31.88,275900,2.22
Maharashtra,RAIGAD,2004,Summer     ,Rice,8500,883.4,31.88,21300,2.51
Maharashtra,RATNAGIRI,2004,Kharif     ,Rice,79100,883.4,32.41,186500,2.36
Maharashtra,RATNAGIRI,2004,Summer     ,Rice,200,883.4,32.41,700,3.5
Maharashtra,SANGLI,2004,Kharif     ,Rice,17700,673.1,31.62,44200,2.5
Maharashtra,SATARA,2004,Kharif     ,Rice,44100,1092.7,31.27,72900,1.65
Maharashtra,SINDHUDURG,2004,Kharif     ,Rice,74500,883.4,31.88,210800,2.83
Maharashtra,SINDHUDURG,2004,Summer     ,Rice,4300,883.4,31.88,8500,1.98
Maharashtra,SOLAPUR,2004,Kharif     ,Rice,400,614.3,32.55,100,0.25
Maharashtra,THANE,2004,Kharif     ,Rice,138600,883.4,30.74,328800,2.37
Maharashtra,THANE,2004,Summer     ,Rice,2400,883.4,30.74,6600,2.75
Maharashtra,WARDHA,2004,Kharif     ,Rice,200,1112.3,33.89,200,1
Maharashtra,WASHIM,2004,Kharif     ,Rice,500,896.2,33.89,200,0.4
Maharashtra,YAVATMAL,2004,Kharif     ,Rice,2400,990.8,34.22,800,0.33
Maharashtra,AHMEDNAGAR,2005,Kharif     ,Rice,800,551.5,33.03,400,0.5
Maharashtra,AKOLA,2005,Kharif     ,Rice,10200,886.4,34.82,5000,0.49
Maharashtra,AMRAVATI,2005,Kharif     ,Rice,10200,886.4,34.82,5000,0.49
Maharashtra,AURANGABAD,2005,Kharif     ,Rice,100,663,32.4,100,1
Maharashtra,BEED,2005,Kharif     ,Rice,200,714,33.23,900,4.5
Maharashtra,BHANDARA,2005,Kharif     ,Rice,168400,1118,34.1,283700,1.68
Maharashtra,BHANDARA,2005,Summer     ,Rice,4600,1118,34.1,6600,1.43
Maharashtra,BULDHANA,2005,Kharif     ,Rice,5300,1073.6,33.47,4600,0.87
Maharashtra,CHANDRAPUR,2005,Kharif     ,Rice,130500,1117,32.88,206400,1.58
Maharashtra,CHANDRAPUR,2005,Summer     ,Rice,3200,1117,32.88,3500,1.09
Maharashtra,DHULE,2005,Kharif     ,Rice,5100,679,33.03,5000,0.98
Maharashtra,GADCHIROLI,2005,Kharif     ,Rice,147200,1391,33.69,222100,1.51
Maharashtra,GADCHIROLI,2005,Summer     ,Rice,3500,1391,33.69,5800,1.66
Maharashtra,GONDIA,2005,Kharif     ,Rice,177800,1267,34.13,271200,1.53
Maharashtra,GONDIA,2005,Summer     ,Rice,10700,1267,34.13,16000,1.5
Maharashtra,HINGOLI,2005,Kharif     ,Rice,4500,822,33.6,1500,0.33
Maharashtra,JALGAON,2005,Kharif     ,Rice,200,728,33.89,300,1.5
Maharashtra,JALNA,2005,Kharif     ,Rice,20700,799,33.51,5500,0.27
Maharashtra,KOLHAPUR,2005,Kharif     ,Rice,108300,2275,30.1,246100,2.27
Maharashtra,KOLHAPUR,2005,Summer     ,Rice,600,2275,30.1,1700,2.83
Maharashtra,LATUR,2005,Kharif     ,Rice,18200,783,33.3,8300,0.46
Maharashtra,NAGPUR,2005,Kharif     ,Rice,45000,997,34.5,61700,1.37
Maharashtra,NAGPUR,2005,Summer     ,Rice,800,997,34.5,1200,1.5
Maharashtra,NANDED,2005,Kharif     ,Rice,15600,801,33.89,6700,0.43
Maharashtra,NANDURBAR,2005,Kharif     ,Rice,19700,1144,34.12,30900,1.57
Maharashtra,NASHIK,2005,Kharif     ,Rice,50300,1306,31.56,58700,1.17
Maharashtra,OSMANABAD,2005,Kharif     ,Rice,17000,705,33.1,6400,0.38
Maharashtra,PALGHAR,2005,Kharif     ,Rice,8300,785.1,31.8,24600,2.96
Maharashtra,PARBHANI,2005,Kharif     ,Rice,7000,810,33.12,2700,0.39
Maharashtra,PUNE,2005,Kharif     ,Rice,64500,1201,30.69,73800,1.14
Maharashtra,RAIGAD,2005,Kharif     ,Rice,121000,1101.6,31.85,272900,2.26
Maharashtra,RAIGAD,2005,Summer     ,Rice,8500,1101.6,31.85,22100,2.6
Maharashtra,RATNAGIRI,2005,Kharif     ,Rice,77000,1101.6,31.74,194600,2.53
Maharashtra,RATNAGIRI,2005,Summer     ,Rice,200,1101.6,31.74,600,3
Maharashtra,SANGLI,2005,Kharif     ,Rice,18100,665,30.56,39500,2.18
Maharashtra,SATARA,2005,Kharif     ,Rice,43600,1642,30.89,73400,1.68
Maharashtra,SINDHUDURG,2005,Kharif     ,Rice,74500,1101.6,31.85,215400,2.89
Maharashtra,SINDHUDURG,2005,Summer     ,Rice,4200,1101.6,31.85,8800,2.1
Maharashtra,SOLAPUR,2005,Kharif     ,Rice,100,611,32.64,100,1
Maharashtra,THANE,2005,Kharif     ,Rice,137000,1101.6,30.07,304700,2.22
Maharashtra,THANE,2005,Summer     ,Rice,2500,1101.6,30.07,5900,2.36
Maharashtra,WARDHA,2005,Kharif     ,Rice,200,1223,33.74,200,1
Maharashtra,WASHIM,2005,Kharif     ,Rice,300,810,33.54,100,0.33
Maharashtra,YAVATMAL,2005,Kharif     ,Rice,1800,834,33.2,900,0.5
Maharashtra,AHMEDNAGAR,2006,Kharif     ,Rice,8400,736.9,33.26,6600,0.79
Maharashtra,AKOLA,2006,Kharif     ,Rice,8500,931.35,33.8,4600,0.54
Maharashtra,AMRAVATI,2006,Kharif     ,Rice,8500,931.35,33.8,4600,0.54
Maharashtra,AURANGABAD,2006,Kharif     ,Rice,100,663,33.41,100,1
Maharashtra,BEED,2006,Kharif     ,Rice,2000,714,33.74,1500,0.75
Maharashtra,BHANDARA,2006,Kharif     ,Rice,175800,1118,33.95,255000,1.45
Maharashtra,BHANDARA,2006,Summer     ,Rice,4600,1118,33.95,8700,1.89
Maharashtra,BULDHANA,2006,Kharif     ,Rice,5200,821.4,33.86,4300,0.83
Maharashtra,CHANDRAPUR,2006,Kharif     ,Rice,136300,1117,33.69,188700,1.38
Maharashtra,CHANDRAPUR,2006,Summer     ,Rice,2900,1117,33.69,5000,1.72
Maharashtra,DHULE,2006,Kharif     ,Rice,5100,679,33.26,2100,0.41
Maharashtra,GADCHIROLI,2006,Kharif     ,Rice,140000,1391,34.15,206100,1.47
Maharashtra,GADCHIROLI,2006,Summer     ,Rice,3000,1391,34.15,5200,1.73
Maharashtra,GONDIA,2006,Kharif     ,Rice,187000,1267,33.84,209200,1.12
Maharashtra,GONDIA,2006,Summer     ,Rice,10700,1267,33.84,21400,2
Maharashtra,HINGOLI,2006,Kharif     ,Rice,4300,822,34.2,2000,0.47
Maharashtra,JALGAON,2006,Kharif     ,Rice,100,728,34.21,100,1
Maharashtra,JALNA,2006,Kharif     ,Rice,20300,957.5,34.21,9800,0.48
Maharashtra,KOLHAPUR,2006,Kharif     ,Rice,109800,2275,28.66,284800,2.59
Maharashtra,KOLHAPUR,2006,Summer     ,Rice,600,2275,28.66,1600,2.67
Maharashtra,LATUR,2006,Kharif     ,Rice,15900,783,33.78,8600,0.54
Maharashtra,NAGPUR,2006,Kharif     ,Rice,46000,997,34.65,69100,1.5
Maharashtra,NAGPUR,2006,Summer     ,Rice,800,997,34.65,1500,1.88
Maharashtra,NANDED,2006,Kharif     ,Rice,15600,801,33.71,9400,0.6
Maharashtra,NANDURBAR,2006,Kharif     ,Rice,20000,1144,33.26,16900,0.85
Maharashtra,NASHIK,2006,Kharif     ,Rice,49000,1306,31.98,49600,1.01
Maharashtra,OSMANABAD,2006,Kharif     ,Rice,17500,705,34.2,6700,0.38
Maharashtra,PALGHAR,2006,Kharif     ,Rice,124600,711.7,31.59,256000,2.05
Maharashtra,PARBHANI,2006,Kharif     ,Rice,7800,810,34.9,3200,0.41
Maharashtra,PUNE,2006,Kharif     ,Rice,63900,1201,31.26,68900,1.08
Maharashtra,RAIGAD,2006,Kharif     ,Rice,123600,1180.8,32.4,291100,2.36
Maharashtra,RAIGAD,2006,Summer     ,Rice,8600,1180.8,32.4,23400,2.72
Maharashtra,RATNAGIRI,2006,Kharif     ,Rice,77900,1180.8,31.5,210900,2.71
Maharashtra,RATNAGIRI,2006,Summer     ,Rice,100,1180.8,31.5,300,3
Maharashtra,SANGLI,2006,Kharif     ,Rice,18100,665,29.55,28900,1.6
Maharashtra,SATARA,2006,Kharif     ,Rice,45000,1642,30.8,93300,2.07
Maharashtra,SINDHUDURG,2006,Kharif     ,Rice,74700,1180.8,32.4,220400,2.95
Maharashtra,SINDHUDURG,2006,Summer     ,Rice,4100,1180.8,32.4,8800,2.15
Maharashtra,SOLAPUR,2006,Kharif     ,Rice,400,611,32.9,100,0.25
Maharashtra,THANE,2006,Kharif     ,Rice,137600,1180.8,31.16,252200,1.83
Maharashtra,THANE,2006,Summer     ,Rice,2600,1180.8,31.16,5200,2
Maharashtra,WARDHA,2006,Kharif     ,Rice,100,1270,34.12,100,1
Maharashtra,WASHIM,2006,Kharif     ,Rice,200,810,33.87,100,0.5
Maharashtra,YAVATMAL,2006,Kharif     ,Rice,600,834,34.5,300,0.5
Maharashtra,AHMEDNAGAR,2007,Kharif     ,Rice,86,556.5,32.98,102,1.19
Maharashtra,AKOLA,2007,Kharif     ,Rice,63,1112.4,34.8,52,0.83
Maharashtra,AMRAVATI,2007,Kharif     ,Rice,63,1112.4,34.8,52,0.83
Maharashtra,AURANGABAD,2007,Kharif     ,Rice,14700,694.7,33.96,8900,0.61
Maharashtra,BEED,2007,Kharif     ,Rice,15,714,33.12,7,0.47
Maharashtra,BHANDARA,2007,Kharif     ,Rice,1769,1118,33.43,3174,1.79
Maharashtra,BULDHANA,2007,Kharif     ,Rice,4800,722.3,34.12,4800,1
Maharashtra,CHANDRAPUR,2007,Kharif     ,Rice,1613,1117,33.4,2517,1.56
Maharashtra,DHULE,2007,Kharif     ,Rice,44,679,32.98,35,0.8
Maharashtra,GADCHIROLI,2007,Kharif     ,Rice,1491,1391,33.24,2231,1.5
Maharashtra,GONDIA,2007,Kharif     ,Rice,1925,1267,34.15,3190,1.66
Maharashtra,HINGOLI,2007,Kharif     ,Rice,41,822,34.35,19,0.46
Maharashtra,JALGAON,2007,Kharif     ,Rice,1,728,34.02,1,1
Maharashtra,JALNA,2007,Kharif     ,Rice,19700,750.1,33.38,11700,0.59
Maharashtra,KOLHAPUR,2007,Kharif     ,Rice,1119,2275,29.46,3362,3
Maharashtra,LATUR,2007,Kharif     ,Rice,126,783,33.61,59,0.47
Maharashtra,NAGPUR,2007,Kharif     ,Rice,496,997,33.89,754,1.52
Maharashtra,NANDED,2007,Kharif     ,Rice,14500,801,33.56,105,0.01
Maharashtra,NANDURBAR,2007,Kharif     ,Rice,210,1144,33.46,312,1.49
Maharashtra,NASHIK,2007,Kharif     ,Rice,506,1306,32.78,684,1.35
Maharashtra,OSMANABAD,2007,Kharif     ,Rice,166,705,34.8,69,0.42
Maharashtra,PALGHAR,2007,Kharif     ,Rice,8600,711.7,31.59,21800,2.53
Maharashtra,PARBHANI,2007,Kharif     ,Rice,7200,810,33.57,28,0
Maharashtra,PUNE,2007,Kharif     ,Rice,628,1201,30.56,782,1.25
Maharashtra,RAIGAD,2007,Kharif     ,Rice,1246,921.5,32.16,3127,2.51
Maharashtra,RATNAGIRI,2007,Kharif     ,Rice,767,921.5,32.04,1965,2.56
Maharashtra,SANGLI,2007,Kharif     ,Rice,187,665,29.6,436,2.33
Maharashtra,SATARA,2007,Kharif     ,Rice,496,1642,30.61,1024,2.06
Maharashtra,SINDHUDURG,2007,Kharif     ,Rice,749,921.5,32.16,2051,2.74
Maharashtra,SOLAPUR,2007,Kharif     ,Rice,3,611,33.01,3,1
Maharashtra,THANE,2007,Kharif     ,Rice,1381,921.5,31.78,3033,2.2
Maharashtra,WARDHA,2007,Kharif     ,Rice,1,1189.5,34.55,1,1
Maharashtra,WASHIM,2007,Kharif     ,Rice,1,810,34.12,1,1
Maharashtra,YAVATMAL,2007,Kharif     ,Rice,6,834,33.91,4,0.67
Maharashtra,AHMEDNAGAR,2008,Kharif     ,Rice,9300,577.4,32.44,9100,0.98
Maharashtra,AKOLA,2008,Kharif     ,Rice,4500,788,33.57,1800,0.4
Maharashtra,AMRAVATI,2008,Kharif     ,Rice,4500,788,33.57,1800,0.4
Maharashtra,AURANGABAD,2008,Kharif     ,Rice,14500,555.4,34.18,9700,0.67
Maharashtra,BEED,2008,Kharif     ,Rice,1000,708.4,33.84,400,0.4
Maharashtra,BHANDARA,2008,Kharif     ,Rice,175100,1292.7,34.23,126200,0.72
Maharashtra,BULDHANA,2008,Kharif     ,Rice,3700,854.6,34.08,2400,0.65
Maharashtra,CHANDRAPUR,2008,Kharif     ,Rice,157700,1272,34.89,133700,0.85
Maharashtra,DHULE,2008,Kharif     ,Rice,5400,607.2,32.44,3000,0.56
Maharashtra,GADCHIROLI,2008,Kharif     ,Rice,151400,1449.8,34.69,126000,0.83
Maharashtra,GONDIA,2008,Kharif     ,Rice,185100,1370.7,34.95,130900,0.71
Maharashtra,HINGOLI,2008,Kharif     ,Rice,500,979.4,33.84,300,0.6
Maharashtra,JALGAON,2008,Kharif     ,Rice,126,783,33.61,59,0.47
Maharashtra,JALNA,2008,Kharif     ,Rice,20800,759.4,33.54,13000,0.63
Maharashtra,KOLHAPUR,2008,Kharif     ,Rice,113800,1992.8,29.84,285200,2.51
Maharashtra,LATUR,2008,Kharif     ,Rice,3900,910,33.61,1400,0.36
Maharashtra,NAGPUR,2008,Kharif     ,Rice,57500,1068.4,33.1,54600,0.95
Maharashtra,NANDED,2008,Kharif     ,Rice,8000,961.1,34.12,4200,0.53
Maharashtra,NANDURBAR,2008,Kharif     ,Rice,20400,890.7,33.78,21900,1.07
Maharashtra,NASHIK,2008,Kharif     ,Rice,51200,1029.6,32.12,65800,1.29
Maharashtra,OSMANABAD,2008,Kharif     ,Rice,5000,779.3,33.84,1800,0.36
Maharashtra,PALGHAR,2008,Kharif     ,Rice,124600,740.3,32.08,353600,2.84
Maharashtra,PARBHANI,2008,Kharif     ,Rice,5800,897,33.96,1900,0.33
Maharashtra,PUNE,2008,Kharif     ,Rice,61200,1015.7,31.95,75500,1.23
Maharashtra,RAIGAD,2008,Kharif     ,Rice,123800,3278.9,31.08,335900,2.71
Maharashtra,RATNAGIRI,2008,Kharif     ,Rice,77400,3470.6,31.87,201000,2.6
Maharashtra,SANGLI,2008,Kharif     ,Rice,18700,730.6,30.37,38700,2.07
Maharashtra,SATARA,2008,Kharif     ,Rice,49700,912.5,31.22,109300,2.2
Maharashtra,SINDHUDURG,2008,Kharif     ,Rice,74400,3269.2,31.08,208000,2.8
Maharashtra,SOLAPUR,2008,Kharif     ,Rice,100,646.5,33.51,10,0.1
Maharashtra,THANE,2008,Kharif     ,Rice,138000,2542.1,30.55,297300,2.15
Maharashtra,WARDHA,2008,Kharif     ,Rice,21000,1157.2,33.49,4900,0.23
Maharashtra,WASHIM,2008,Kharif     ,Rice,100,940.9,34.55,100,1
Maharashtra,YAVATMAL,2008,Kharif     ,Rice,500,982.8,34.12,200,0.4
Maharashtra,AHMEDNAGAR,2009,Kharif     ,Rice,7400,510.3,32.12,2800,0.38
Maharashtra,AKOLA,2009,Kharif     ,Rice,3800,1405.1,33.29,2800,0.74
Maharashtra,AMRAVATI,2009,Kharif     ,Rice,4300,677.1,34.21,6200,1.44
Maharashtra,AURANGABAD,2009,Kharif     ,Rice,15900,769.1,34.06,9300,0.58
Maharashtra,BEED,2009,Kharif     ,Rice,600,708.4,33.96,200,0.33
Maharashtra,BHANDARA,2009,Kharif     ,Rice,175200,1292.7,34.09,174800,1
Maharashtra,BULDHANA,2009,Kharif     ,Rice,3300,990.8,33.76,2000,0.61
Maharashtra,CHANDRAPUR,2009,Kharif     ,Rice,112600,1272,34.51,69700,0.62
Maharashtra,DHULE,2009,Kharif     ,Rice,4900,607.2,32.12,2400,0.49
Maharashtra,GADCHIROLI,2009,Kharif     ,Rice,149100,1449.8,33.74,112500,0.75
Maharashtra,GONDIA,2009,Kharif     ,Rice,181900,1370.7,33.42,197500,1.09
Maharashtra,HINGOLI,2009,Kharif     ,Rice,1200,979.4,34.56,400,0.33
Maharashtra,JALGAON,2009,Kharif     ,Rice,200,730.9,33.4,100,0.5
Maharashtra,JALNA,2009,Kharif     ,Rice,20700,678.6,33.84,13400,0.65
Maharashtra,KOLHAPUR,2009,Kharif     ,Rice,112700,1992.8,29.2,291800,2.59
Maharashtra,LATUR,2009,Kharif     ,Rice,3200,910,33.97,1300,0.41
Maharashtra,NAGPUR,2009,Kharif     ,Rice,70900,1068.4,33.54,80300,1.13
Maharashtra,NANDED,2009,Kharif     ,Rice,5600,961.1,34.89,1500,0.27
Maharashtra,NANDURBAR,2009,Kharif     ,Rice,18700,890.7,34.3,12900,0.69
Maharashtra,NASHIK,2009,Kharif     ,Rice,48100,1029.6,32.6,18800,0.39
Maharashtra,OSMANABAD,2009,Kharif     ,Rice,6100,779.3,33.21,3700,0.61
Maharashtra,PALGHAR,2009,Kharif     ,Rice,8500,740.3,32.08,22700,2.67
Maharashtra,PARBHANI,2009,Kharif     ,Rice,3100,897,34.3,1100,0.35
Maharashtra,PUNE,2009,Kharif     ,Rice,62600,1015.7,30.12,51200,0.82
Maharashtra,RAIGAD,2009,Kharif     ,Rice,124000,918.1,32.44,311500,2.51
Maharashtra,RATNAGIRI,2009,Kharif     ,Rice,77300,918.1,31.59,202700,2.62
Maharashtra,SANGLI,2009,Kharif     ,Rice,18700,730.6,30.66,35100,1.88
Maharashtra,SATARA,2009,Kharif     ,Rice,50600,912.5,31.56,76900,1.52
Maharashtra,SINDHUDURG,2009,Kharif     ,Rice,74600,918.1,32.44,196200,2.63
Maharashtra,SOLAPUR,2009,Kharif     ,Rice,100,646.5,32.62,14,0.14
Maharashtra,THANE,2009,Kharif     ,Rice,136000,918.1,30.08,285000,2.1
Maharashtra,WARDHA,2009,Kharif     ,Rice,20000,1171.4,33.23,12300,0.62
Maharashtra,WASHIM,2009,Kharif     ,Rice,100,940.9,33.48,200,2
Maharashtra,YAVATMAL,2009,Kharif     ,Rice,200,982.8,33.85,300,1.5
Maharashtra,AHMEDNAGAR,2010,Kharif     ,Rice,7500,771.3,32.96,7000,0.93
Maharashtra,AKOLA,2010,Kharif     ,Rice,4100,899.2,34.8,3100,0.76
Maharashtra,AMRAVATI,2010,Kharif     ,Rice,3800,1405.1,33.29,2800,0.74
Maharashtra,AURANGABAD,2010,Kharif     ,Rice,9500,904.5,33.84,4800,0.51
Maharashtra,BEED,2010,Kharif     ,Rice,800,708.4,33.12,300,0.38
Maharashtra,BHANDARA,2010,Kharif     ,Rice,181500,1292.7,33.45,258800,1.43
Maharashtra,BULDHANA,2010,Kharif     ,Rice,2400,990.8,34.22,800,0.33
Maharashtra,CHANDRAPUR,2010,Kharif     ,Rice,114300,1272,33.61,160100,1.4
Maharashtra,DHULE,2010,Kharif     ,Rice,5000,607.2,32.96,6700,1.34
Maharashtra,GADCHIROLI,2010,Kharif     ,Rice,156800,1449.8,34.86,233200,1.49
Maharashtra,GONDIA,2010,Kharif     ,Rice,178200,1370.7,33.61,306000,1.72
Maharashtra,HINGOLI,2010,Kharif     ,Rice,1100,1418.7,33.12,700,0.64
Maharashtra,JALGAON,2010,Kharif     ,Rice,126,783,33.61,59,0.47
Maharashtra,JALNA,2010,Kharif     ,Rice,20700,621.2,33.87,9200,0.44
Maharashtra,KOLHAPUR,2010,Kharif     ,Rice,111500,1992.8,28.89,321600,2.88
Maharashtra,LATUR,2010,Kharif     ,Rice,6300,910,34.1,2800,0.44
Maharashtra,NAGPUR,2010,Kharif     ,Rice,71400,1068.4,34.6,70100,0.98
Maharashtra,NANDED,2010,Kharif     ,Rice,5200,961.1,33.74,2700,0.52
Maharashtra,NANDURBAR,2010,Kharif     ,Rice,23400,890.7,33.1,24700,1.06
Maharashtra,NASHIK,2010,Kharif     ,Rice,59100,1029.6,31.8,24000,0.41
Maharashtra,OSMANABAD,2010,Kharif     ,Rice,11200,779.3,33.67,3400,0.3
Maharashtra,PALGHAR,2010,Kharif     ,Rice,124500,883.4,31.88,275900,2.22
Maharashtra,PARBHANI,2010,Kharif     ,Rice,4000,897,34.8,1800,0.45
Maharashtra,PUNE,2010,Kharif     ,Rice,60900,1015.7,30.77,71900,1.18
Maharashtra,RAIGAD,2010,Kharif     ,Rice,124600,1006.3,32.15,294600,2.36
Maharashtra,RATNAGIRI,2010,Kharif     ,Rice,78000,1006.3,33.01,223100,2.86
Maharashtra,SANGLI,2010,Kharif     ,Rice,20200,730.6,31.8,53900,2.67
Maharashtra,SATARA,2010,Kharif     ,Rice,50800,912.5,30.76,82200,1.62
Maharashtra,SINDHUDURG,2010,Kharif     ,Rice,73900,1006.3,32.15,197000,2.67
Maharashtra,SOLAPUR,2010,Kharif     ,Rice,700,646.5,31.9,200,0.29
Maharashtra,THANE,2010,Kharif     ,Rice,136000,1006.3,30.07,275300,2.02
Maharashtra,WARDHA,2010,Kharif     ,Rice,19800,1014,33.6,14500,0.73
Maharashtra,WASHIM,2010,Kharif     ,Rice,300,810,33.54,100,0.33
Maharashtra,AHMEDNAGAR,2011,Kharif     ,Rice,7900,488.4,33.14,7800,0.99
Maharashtra,AKOLA,2011,Kharif     ,Rice,3800,1036.5,33.9,1500,0.39
Maharashtra,AMRAVATI,2011,Kharif     ,Rice,4100,899.2,34.8,3100,0.76
Maharashtra,AURANGABAD,2011,Kharif     ,Rice,7800,904.5,33.66,1800,0.23
Maharashtra,BEED,2011,Kharif     ,Rice,600,708.4,33.54,300,0.5
Maharashtra,BHANDARA,2011,Kharif     ,Rice,180300,1292.7,33.59,308200,1.71
Maharashtra,BHANDARA,2011,Summer     ,Rice,5000,1292.7,33.59,12700,2.54
Maharashtra,BULDHANA,2011,Kharif     ,Rice,1800,834,33.2,900,0.5
Maharashtra,CHANDRAPUR,2011,Kharif     ,Rice,158100,1272,33.21,199900,1.26
Maharashtra,CHANDRAPUR,2011,Summer     ,Rice,1800,1272,33.21,3300,1.83
Maharashtra,DHULE,2011,Kharif     ,Rice,7900,607.2,33.14,5300,0.67
Maharashtra,GADCHIROLI,2011,Kharif     ,Rice,152200,1449.8,34.66,182300,1.2
Maharashtra,GADCHIROLI,2011,Summer     ,Rice,2900,1449.8,34.66,4800,1.66
Maharashtra,GONDIA,2011,Kharif     ,Rice,172800,1370.7,33.89,294800,1.71
Maharashtra,GONDIA,2011,Summer     ,Rice,7700,1370.7,33.89,18200,2.36
Maharashtra,HINGOLI,2011,Kharif     ,Rice,600,979.4,33.65,200,0.33
Maharashtra,JALGAON,2011,Kharif     ,Rice,200,730.9,34.56,300,1.5
Maharashtra,JALNA,2011,Kharif     ,Rice,20500,849.3,33.91,6700,0.33
Maharashtra,KOLHAPUR,2011,Kharif     ,Rice,104300,1992.8,29.2,278900,2.67
Maharashtra,KOLHAPUR,2011,Summer     ,Rice,600,1992.8,29.2,2000,3.33
Maharashtra,LATUR,2011,Kharif     ,Rice,6700,910,34.15,3200,0.48
Maharashtra,NAGPUR,2011,Kharif     ,Rice,77500,1068.4,33.7,117400,1.51
Maharashtra,NANDED,2011,Kharif     ,Rice,4000,961.1,33.02,1500,0.38
Maharashtra,NANDURBAR,2011,Kharif     ,Rice,19400,890.7,33.45,31700,1.63
Maharashtra,NASHIK,2011,Kharif     ,Rice,62900,568,31.26,77800,1.24
Maharashtra,OSMANABAD,2011,Kharif     ,Rice,10700,779.3,33.35,4100,0.38
Maharashtra,PALGHAR,2011,Kharif     ,Rice,8500,883.4,31.88,21300,2.51
Maharashtra,PARBHANI,2011,Kharif     ,Rice,1700,897,33.45,600,0.35
Maharashtra,PUNE,2011,Kharif     ,Rice,62000,1015.7,31.55,85600,1.38
Maharashtra,RAIGAD,2011,Kharif     ,Rice,123800,842.9,31.68,298600,2.41
Maharashtra,RAIGAD,2011,Summer     ,Rice,3000,842.9,31.68,7600,2.53
Maharashtra,RATNAGIRI,2011,Kharif     ,Rice,77400,842.9,32.59,226100,2.92
Maharashtra,RATNAGIRI,2011,Summer     ,Rice,100,842.9,32.59,300,3
Maharashtra,SANGLI,2011,Kharif     ,Rice,18100,730.6,31.9,33700,1.86
Maharashtra,SATARA,2011,Kharif     ,Rice,50500,912.5,30.54,83000,1.64
Maharashtra,SINDHUDURG,2011,Kharif     ,Rice,74200,842.9,31.68,202500,2.73
Maharashtra,SINDHUDURG,2011,Summer     ,Rice,3800,842.9,31.68,8600,2.26
Maharashtra,SOLAPUR,2011,Kharif     ,Rice,700,646.5,31.47,200,0.29
Maharashtra,THANE,2011,Kharif     ,Rice,137500,842.9,31.08,337200,2.45
Maharashtra,THANE,2011,Summer     ,Rice,2900,842.9,31.08,6800,2.34
Maharashtra,WARDHA,2011,Kharif     ,Rice,22400,832.5,33.26,17700,0.79
Maharashtra,WASHIM,2011,Kharif     ,Rice,200,723,32.59,200,1
Maharashtra,YAVATMAL,2011,Kharif     ,Rice,100,845.2,34.28,100,1
Maharashtra,AHMEDNAGAR,2012,Kharif     ,Rice,7500,383.21,33.63,4600,0.61
Maharashtra,AKOLA,2012,Kharif     ,Rice,4700,1083,34.1,800,0.17
Maharashtra,AMRAVATI,2012,Kharif     ,Rice,3800,1036.5,33.9,1500,0.39
Maharashtra,AURANGABAD,2012,Kharif     ,Rice,4500,822,33.6,1500,0.33
Maharashtra,BEED,2012,Kharif     ,Rice,600,431.6,33.74,300,0.5
Maharashtra,BHANDARA,2012,Kharif     ,Rice,177200,1392.8,33.54,360500,2.03
Maharashtra,BHANDARA,2012,Summer     ,Rice,7100,1392.8,33.54,18700,2.63
Maharashtra,BULDHANA,2012,Kharif     ,Rice,600,834,34.5,300,0.5
Maharashtra,CHANDRAPUR,2012,Kharif     ,Rice,158200,1338.3,33.95,250500,1.58
Maharashtra,CHANDRAPUR,2012,Summer     ,Rice,2600,1338.3,33.95,5400,2.08
Maharashtra,DHULE,2012,Kharif     ,Rice,7700,393.7,33.63,7400,0.96
Maharashtra,GADCHIROLI,2012,Kharif     ,Rice,151400,1585.6,34.12,228800,1.51
Maharashtra,GADCHIROLI,2012,Summer     ,Rice,2900,1585.6,34.12,6200,2.14
Maharashtra,GONDIA,2012,Kharif     ,Rice,177500,1270.8,33.02,334600,1.89
Maharashtra,GONDIA,2012,Summer     ,Rice,8900,1270.8,33.02,21300,2.39
Maharashtra,HINGOLI,2012,Kharif     ,Rice,600,653.7,33.15,200,0.33
Maharashtra,JALGAON,2012,Kharif     ,Rice,1100,871.8,34.13,400,0.36
Maharashtra,JALNA,2012,Kharif     ,Rice,19900,849.3,33.26,6200,0.31
Maharashtra,KOLHAPUR,2012,Kharif     ,Rice,107800,1618.9,28.36,282200,2.62
Maharashtra,KOLHAPUR,2012,Summer     ,Rice,700,1618.9,28.36,1800,2.57
Maharashtra,LATUR,2012,Kharif     ,Rice,8300,771.3,33.54,5000,0.6
Maharashtra,NAGPUR,2012,Kharif     ,Rice,67000,1019.9,33.56,100200,1.5
Maharashtra,NAGPUR,2012,Summer     ,Rice,100,1019.9,33.56,200,2
Maharashtra,NANDED,2012,Kharif     ,Rice,4000,684.7,33,2100,0.53
Maharashtra,NANDURBAR,2012,Kharif     ,Rice,19500,725.4,33.85,28400,1.46
Maharashtra,NASHIK,2012,Kharif     ,Rice,67900,950.6,32.26,80800,1.19
Maharashtra,OSMANABAD,2012,Kharif     ,Rice,11500,440.3,33.91,2800,0.24
Maharashtra,PALGHAR,2012,Kharif     ,Rice,1246,921.5,32.16,3127,2.51
Maharashtra,PARBHANI,2012,Kharif     ,Rice,1400,674.9,33.1,100,0.07
Maharashtra,PUNE,2012,Kharif     ,Rice,77600,690.6,31.69,106200,1.37
Maharashtra,RAIGAD,2012,Kharif     ,Rice,124100,3071.3,31.87,323000,2.6
Maharashtra,RAIGAD,2012,Summer     ,Rice,3800,3071.3,31.87,10300,2.71
Maharashtra,RATNAGIRI,2012,Kharif     ,Rice,73800,3720.7,32,214800,2.91
Maharashtra,RATNAGIRI,2012,Summer     ,Rice,100,3720.7,32,200,2
Maharashtra,SANGLI,2012,Kharif     ,Rice,17500,470.4,30.24,33700,1.93
Maharashtra,SATARA,2012,Kharif     ,Rice,51000,818.2,31.2,70000,1.37
Maharashtra,SINDHUDURG,2012,Kharif     ,Rice,74200,3266.6,31.87,207000,2.79
Maharashtra,SINDHUDURG,2012,Summer     ,Rice,2600,3266.6,31.87,6200,2.38
Maharashtra,SOLAPUR,2012,Kharif     ,Rice,400,454.6,32.61,100,0.25
Maharashtra,THANE,2012,Kharif     ,Rice,137500,2192.9,31.55,356800,2.59
Maharashtra,THANE,2012,Summer     ,Rice,2100,2192.9,31.55,6100,2.9
Maharashtra,WARDHA,2012,Kharif     ,Rice,21200,832.5,33.84,9700,0.46
Maharashtra,WASHIM,2012,Kharif     ,Rice,20400,890.7,33.78,21900,1.07
Maharashtra,YAVATMAL,2012,Kharif     ,Rice,100,928.7,34.12,40,0.4
Maharashtra,AHMEDNAGAR,2013,Kharif     ,Rice,7900,591.13,33.45,19000,2.41
Maharashtra,AKOLA,2013,Kharif     ,Rice,5300,808,33.62,1600,0.3
Maharashtra,AMRAVATI,2013,Kharif     ,Rice,4700,1083,34.1,800,0.17
Maharashtra,AURANGABAD,2013,Kharif     ,Rice,4300,822,34.2,2000,0.47
Maharashtra,BEED,2013,Kharif     ,Rice,500,655,33.02,300,0.6
Maharashtra,BHANDARA,2013,Kharif     ,Rice,186200,1741,34.1,303500,1.63
Maharashtra,BHANDARA,2013,Summer     ,Rice,8400,1741,34.1,20770,2.47
Maharashtra,BULDHANA,2013,Kharif     ,Rice,6,834,33.91,4,0.67
Maharashtra,CHANDRAPUR,2013,Kharif     ,Rice,160200,1867,34.59,211300,1.32
Maharashtra,CHANDRAPUR,2013,Summer     ,Rice,3200,1867,34.59,6900,2.16
Maharashtra,DHULE,2013,Kharif     ,Rice,7700,404,33.45,9700,1.26
Maharashtra,GADCHIROLI,2013,Kharif     ,Rice,153000,2227,33.54,225600,1.47
Maharashtra,GADCHIROLI,2013,Summer     ,Rice,3000,2227,33.54,6400,2.13
Maharashtra,GONDIA,2013,Kharif     ,Rice,188100,1904,34.56,292500,1.56
Maharashtra,GONDIA,2013,Summer     ,Rice,13400,1904,34.56,32820,2.45
Maharashtra,HINGOLI,2013,Kharif     ,Rice,1600,772.2,33.2,800,0.5
Maharashtra,JALGAON,2013,Kharif     ,Rice,1300,844.1,33.35,700,0.54
Maharashtra,JALNA,2013,Kharif     ,Rice,18200,783,33.3,8300,0.46
Maharashtra,KOLHAPUR,2013,Kharif     ,Rice,108800,1848,29.64,339600,3.12
Maharashtra,KOLHAPUR,2013,Summer     ,Rice,800,1848,29.64,2200,2.75
Maharashtra,LATUR,2013,Kharif     ,Rice,7600,852,33.8,5100,0.67
Maharashtra,NAGPUR,2013,Kharif     ,Rice,77700,1420,33.29,105000,1.35
Maharashtra,NAGPUR,2013,Summer     ,Rice,100,1420,33.29,200,2
Maharashtra,NANDED,2013,Kharif     ,Rice,800,1107,33.98,400,0.5
Maharashtra,NANDURBAR,2013,Kharif     ,Rice,22500,1344,33.65,20300,0.9
Maharashtra,NASHIK,2013,Kharif     ,Rice,72600,994.81,31.65,93300,1.29
Maharashtra,OSMANABAD,2013,Kharif     ,Rice,13100,710,33.76,6400,0.49
Maharashtra,PALGHAR,2013,Kharif     ,Rice,123800,3278.9,31.08,335900,2.71
Maharashtra,PARBHANI,2013,Kharif     ,Rice,700,935,33.84,300,0.43
Maharashtra,PUNE,2013,Kharif     ,Rice,82100,1085,30.74,153200,1.87
Maharashtra,RAIGAD,2013,Kharif     ,Rice,124100,3793,31.02,355100,2.86
Maharashtra,RAIGAD,2013,Summer     ,Rice,3800,3793,31.02,10800,2.84
Maharashtra,RATNAGIRI,2013,Kharif     ,Rice,72100,4357,32.11,213200,2.96
Maharashtra,SANGLI,2013,Kharif     ,Rice,14500,599,30.82,25500,1.76
Maharashtra,SATARA,2013,Kharif     ,Rice,50400,903,31.44,75600,1.5
Maharashtra,SINDHUDURG,2013,Kharif     ,Rice,74200,3736,31.02,232800,3.14
Maharashtra,SINDHUDURG,2013,Summer     ,Rice,2600,3736,31.02,5600,2.15
Maharashtra,SOLAPUR,2013,Kharif     ,Rice,400,584,32.32,100,0.25
Maharashtra,THANE,2013,Kharif     ,Rice,137500,3014,31.05,328000,2.39
Maharashtra,THANE,2013,Summer     ,Rice,2100,3014,31.05,6000,2.86
Maharashtra,WARDHA,2013,Kharif     ,Rice,19700,1144,34.12,30900,1.57
Maharashtra,WASHIM,2013,Kharif     ,Rice,18700,890.7,34.3,12900,0.69
Maharashtra,YAVATMAL,2013,Kharif     ,Rice,100,1303,33.57,0,0
Maharashtra,AHMEDNAGAR,2014,Kharif     ,Rice,8600,500.5,33.1,2200,0.26
Maharashtra,AKOLA,2014,Kharif     ,Rice,1200,774,33.66,600,0.5
Maharashtra,AMRAVATI,2014,Kharif     ,Rice,5300,808,33.62,1600,0.3
Maharashtra,AURANGABAD,2014,Kharif     ,Rice,41,822,34.35,19,0.46
Maharashtra,BEED,2014,Kharif     ,Rice,400,457.4,33.5,100,0.25
Maharashtra,BHANDARA,2014,Kharif     ,Rice,188600,1012.2,34.56,305400,1.62
Maharashtra,BHANDARA,2014,Summer     ,Rice,7600,1012.2,34.56,17400,2.29
Maharashtra,BULDHANA,2014,Kharif     ,Rice,500,982.8,34.12,200,0.4
Maharashtra,CHANDRAPUR,2014,Kharif     ,Rice,141800,924.5,34.68,106700,0.75
Maharashtra,CHANDRAPUR,2014,Summer     ,Rice,4000,924.5,34.68,6800,1.7
Maharashtra,DHULE,2014,Kharif     ,Rice,100,622.3,33.1,0,0
Maharashtra,GADCHIROLI,2014,Kharif     ,Rice,152800,1301.7,33.49,201600,1.32
Maharashtra,GADCHIROLI,2014,Summer     ,Rice,2900,1301.7,33.49,4500,1.55
Maharashtra,GONDIA,2014,Kharif     ,Rice,174700,1195.7,34.12,340600,1.95
Maharashtra,GONDIA,2014,Summer     ,Rice,12900,1195.7,34.12,36100,2.8
Maharashtra,HINGOLI,2014,Kharif     ,Rice,1100,871.8,34.13,400,0.36
Maharashtra,JALGAON,2014,Kharif     ,Rice,1200,774.4,33.75,700,0.58
Maharashtra,JALNA,2014,Kharif     ,Rice,15900,783,33.78,8600,0.54
Maharashtra,KOLHAPUR,2014,Kharif     ,Rice,110900,1692.4,28.1,335200,3.02
Maharashtra,KOLHAPUR,2014,Summer     ,Rice,900,1692.4,28.1,3400,3.78
Maharashtra,LATUR,2014,Kharif     ,Rice,5800,598.7,33.5,1100,0.19
Maharashtra,NAGPUR,2014,Kharif     ,Rice,78800,867.7,34.29,95500,1.21
Maharashtra,NANDED,2014,Kharif     ,Rice,800,555,34.75,100,0.13
Maharashtra,NANDURBAR,2014,Kharif     ,Rice,18200,612,34.35,9000,0.49
Maharashtra,NASHIK,2014,Kharif     ,Rice,71200,1073.5,31.96,86700,1.22
Maharashtra,OSMANABAD,2014,Kharif     ,Rice,13100,622.5,33.41,2500,0.19
Maharashtra,PALGHAR,2014,Kharif     ,Rice,74800,838,31,188300,2.52
Maharashtra,PARBHANI,2014,Kharif     ,Rice,300,963,33.23,0,0
Maharashtra,PUNE,2014,Kharif     ,Rice,82100,1007.3,30.54,136100,1.66
Maharashtra,RAIGAD,2014,Kharif     ,Rice,116200,2957.5,32.74,320700,2.76
Maharashtra,RAIGAD,2014,Summer     ,Rice,9100,2957.5,32.74,30100,3.31
Maharashtra,RATNAGIRI,2014,Kharif     ,Rice,72500,3034.5,31.56,220500,3.04
Maharashtra,SANGLI,2014,Kharif     ,Rice,15500,772.4,31.69,31400,2.03
Maharashtra,SATARA,2014,Kharif     ,Rice,52900,1002.6,30.9,94700,1.79
Maharashtra,SINDHUDURG,2014,Kharif     ,Rice,67400,3121.1,32.74,222400,3.3
Maharashtra,SINDHUDURG,2014,Summer     ,Rice,2600,3121.1,32.74,5400,2.08
Maharashtra,SOLAPUR,2014,Kharif     ,Rice,400,547,33.6,100,0.25
Maharashtra,THANE,2014,Kharif     ,Rice,55200,2472.3,31.75,132900,2.41
Maharashtra,THANE,2014,Summer     ,Rice,2800,2472.3,31.75,7500,2.68
Maharashtra,WARDHA,2014,Kharif     ,Rice,20000,1144,33.26,16900,0.85
Maharashtra,WASHIM,2014,Kharif     ,Rice,23400,890.7,33.1,24700,1.06
Maharashtra,YAVATMAL,2014,Kharif     ,Rice,5200,821.4,33.86,4300,0.83
Maharashtra,AHMEDNAGAR,2015,Kharif     ,Rice,14000,409.8,31.91,17200,1.23
Maharashtra,AKOLA,2015,Kharif     ,Rice,900,755.6,32.97,400,0.44
Maharashtra,AMRAVATI,2015,Kharif     ,Rice,5600,1083,34.1,1200,0.21
Maharashtra,AURANGABAD,2015,Kharif     ,Rice,2400,531,33.66,1500,0.63
Maharashtra,BEED,2015,Kharif     ,Rice,300,438,33.6,0,0
Maharashtra,BHANDARA,2015,Kharif     ,Rice,180200,1292.7,33.45,268000,1.49
Maharashtra,BHANDARA,2015,Summer     ,Rice,7700,1392.8,33.54,15900,2.06
Maharashtra,BULDHANA,2015,Kharif     ,Rice,200,982.8,33.85,300,1.5
Maharashtra,CHANDRAPUR,2015,Kharif     ,Rice,137400,1272,34.89,113200,0.82
Maharashtra,CHANDRAPUR,2015,Summer     ,Rice,2300,1117,33.69,4000,1.74
Maharashtra,DHULE,2015,Kharif     ,Rice,2300,823.5,32.37,2700,1.17
Maharashtra,GADCHIROLI,2015,Kharif     ,Rice,150500,1449.8,34.69,126300,0.84
Maharashtra,GADCHIROLI,2015,Summer     ,Rice,2200,1027.1,33.53,4400,2
Maharashtra,GONDIA,2015,Kharif     ,Rice,172100,1267,34.13,263600,1.53
Maharashtra,GONDIA,2015,Summer     ,Rice,10400,2010.8,34.07,26300,2.53
Maharashtra,HINGOLI,2015,Kharif     ,Rice,1300,844.1,33.35,700,0.54
Maharashtra,JALGAON,2015,Kharif     ,Rice,600,433.2,33.9,400,0.67
Maharashtra,JALNA,2015,Kharif     ,Rice,126,783,33.61,59,0.47
Maharashtra,KOLHAPUR,2015,Kharif     ,Rice,111500,1618.9,28.36,273300,2.45
Maharashtra,KOLHAPUR,2015,Summer     ,Rice,900,1992.8,29.2,3300,3.67
Maharashtra,LATUR,2015,Kharif     ,Rice,3800,759.4,33.54,300,0.08
Maharashtra,NAGPUR,2015,Kharif     ,Rice,88700,867.7,34.29,107300,1.21
Maharashtra,NANDED,2015,Kharif     ,Rice,400,555,34.75,100,0.25
Maharashtra,NANDURBAR,2015,Kharif     ,Rice,18900,1344,33.65,17300,0.92
Maharashtra,NASHIK,2015,Kharif     ,Rice,69600,1144,33.46,101100,1.45
Maharashtra,OSMANABAD,2015,Kharif     ,Rice,6200,771,33.84,600,0.1
Maharashtra,PALGHAR,2015,Kharif     ,Rice,77100,965.7,31.2,177300,2.3
Maharashtra,PARBHANI,2015,Kharif     ,Rice,3100,897,34.3,1100,0.35
Maharashtra,PUNE,2015,Kharif     ,Rice,54600,1085,30.74,107300,1.97
Maharashtra,RAIGAD,2015,Kharif     ,Rice,112100,3793,31.02,328900,2.93
Maharashtra,RATNAGIRI,2015,Kharif     ,Rice,71000,921.5,32.04,174100,2.45
Maharashtra,SANGLI,2015,Kharif     ,Rice,22600,730.6,30.66,43400,1.92
Maharashtra,SATARA,2015,Kharif     ,Rice,52700,903,31.44,79700,1.51
Maharashtra,SINDHUDURG,2015,Kharif     ,Rice,64600,1180.8,32.4,190000,2.94
Maharashtra,SOLAPUR,2015,Kharif     ,Rice,200,611,32.9,0,0
Maharashtra,THANE,2015,Kharif     ,Rice,55000,921.5,31.78,124200,2.26
Maharashtra,WARDHA,2015,Kharif     ,Rice,210,1144,33.46,312,1.49
Maharashtra,WASHIM,2015,Kharif     ,Rice,19400,890.7,33.45,31700,1.63
Maharashtra,YAVATMAL,2015,Kharif     ,Rice,4800,722.3,34.12,4800,1
Maharashtra,AHMEDNAGAR,2016,Kharif     ,Rice,15000,591.13,33.45,26200,1.75
Maharashtra,AKOLA,2016,Kharif     ,Rice,600,447.4,33.26,400,0.67
Maharashtra,AMRAVATI,2016,Kharif     ,Rice,6900,808,33.62,4600,0.67
Maharashtra,AURANGABAD,2016,Kharif     ,Rice,6500,822,33.9,3100,0.48
Maharashtra,BEED,2016,Kharif     ,Rice,100,714,33.12,70,0.7
Maharashtra,BHANDARA,2016,Kharif     ,Rice,168400,1392.8,33.54,346800,2.06
Maharashtra,BHANDARA,2016,Summer     ,Rice,14000,1012.2,34.56,31600,2.26
Maharashtra,BULDHANA,2016,Kharif     ,Rice,100,845.2,34.28,100,1
Maharashtra,CHANDRAPUR,2016,Kharif     ,Rice,136400,1117,33.69,234000,1.72
Maharashtra,CHANDRAPUR,2016,Summer     ,Rice,6700,1117,33.69,11500,1.72
Maharashtra,DHULE,2016,Kharif     ,Rice,6400,1117,33.4,10500,1.64
Maharashtra,GADCHIROLI,2016,Kharif     ,Rice,148300,1391,34.15,274900,1.85
Maharashtra,GADCHIROLI,2016,Summer     ,Rice,5100,1394.4,33.56,10400,2.04
Maharashtra,GONDIA,2016,Kharif     ,Rice,173200,2010.8,34.07,423300,2.44
Maharashtra,GONDIA,2016,Summer     ,Rice,36100,1871.8,33.7,87000,2.41
Maharashtra,HINGOLI,2016,Kharif     ,Rice,1200,774.4,33.75,700,0.58
Maharashtra,JALGAON,2016,Kharif     ,Rice,600,583.9,33.91,100,0.17
Maharashtra,JALNA,2016,Kharif     ,Rice,3900,910,33.61,1400,0.36
Maharashtra,KOLHAPUR,2016,Kharif     ,Rice,113800,2275,29.46,396000,3.48
Maharashtra,KOLHAPUR,2016,Summer     ,Rice,400,1992.8,29.2,1800,4.5
Maharashtra,LATUR,2016,Kharif     ,Rice,3300,799,33.51,900,0.27
Maharashtra,NAGPUR,2016,Kharif     ,Rice,87600,997,34.65,170200,1.94
Maharashtra,NANDED,2016,Kharif     ,Rice,200,1107,33.98,100,0.5
Maharashtra,NANDURBAR,2016,Kharif     ,Rice,25300,890.7,33.78,29400,1.16
Maharashtra,NASHIK,2016,Kharif     ,Rice,71900,1306,32.78,145800,2.03
Maharashtra,OSMANABAD,2016,Kharif     ,Rice,6300,613.4,33.86,1200,0.19
Maharashtra,PALGHAR,2016,Kharif     ,Rice,76400,740.3,32.08,222700,2.91
Maharashtra,PARBHANI,2016,Kharif     ,Rice,20,898.7,33.31,4,0.2
Maharashtra,PUNE,2016,Kharif     ,Rice,53500,1085,30.74,115400,2.16
Maharashtra,RAIGAD,2016,Kharif     ,Rice,109400,3071.3,31.87,297200,2.72
Maharashtra,RATNAGIRI,2016,Kharif     ,Rice,75300,1180.8,31.5,236300,3.14
Maharashtra,SANGLI,2016,Kharif     ,Rice,16800,730.6,31.8,42900,2.55
Maharashtra,SATARA,2016,Kharif     ,Rice,47000,1642,30.89,82100,1.75
Maharashtra,SINDHUDURG,2016,Kharif     ,Rice,62500,3121.1,32.74,205700,3.29
Maharashtra,SOLAPUR,2016,Kharif     ,Rice,200,614.3,32.55,43,0.22
Maharashtra,THANE,2016,Kharif     ,Rice,55000,2192.9,31.55,149600,2.72
Maharashtra,WARDHA,2016,Kharif     ,Rice,20400,890.7,33.78,21900,1.07
Maharashtra,WASHIM,2016,Kharif     ,Rice,19500,725.4,33.85,28400,1.46
Maharashtra,YAVATMAL,2016,Kharif     ,Rice,3700,854.6,34.08,2400,0.65
Maharashtra,AHMEDNAGAR,2017,Kharif     ,Rice,5900,372.8,31.96,7200,1.22
Maharashtra,AKOLA,2017,Kharif     ,Rice,500,440.2,33.3,300,0.6
Maharashtra,AMRAVATI,2017,Kharif     ,Rice,600,708.4,33.96,200,0.33
Maharashtra,AURANGABAD,2017,Kharif     ,Rice,500,862.8,33.94,400,0.8
Maharashtra,BEED,2017,Kharif     ,Rice,500,862.8,33.94,400,0.8
Maharashtra,BHANDARA,2017,Kharif     ,Rice,177200,1392.8,33.54,360500,2.03
Maharashtra,BULDHANA,2017,Kharif     ,Rice,100,928.7,34.12,40,0.4
Maharashtra,CHANDRAPUR,2017,Kharif     ,Rice,136300,1117,33.69,188700,1.38
Maharashtra,DHULE,2017,Kharif     ,Rice,138300,1051.8,34.33,154100,1.11
Maharashtra,GADCHIROLI,2017,Kharif     ,Rice,106000,2213.2,29.51,289100,2.73
Maharashtra,GONDIA,2017,Kharif     ,Rice,178200,1370.7,33.61,306000,1.72
Maharashtra,HINGOLI,2017,Kharif     ,Rice,600,433.2,33.9,400,0.67
Maharashtra,JALGAON,2017,Kharif     ,Rice,700,721.9,33.54,300,0.43
Maharashtra,JALNA,2017,Kharif     ,Rice,3200,910,33.97,1300,0.41
Maharashtra,KOLHAPUR,2017,Kharif     ,Rice,104300,1992.8,29.2,278900,2.67
Maharashtra,LATUR,2017,Kharif     ,Rice,20700,621.2,33.87,9200,0.44
Maharashtra,NAGPUR,2017,Kharif     ,Rice,496,997,33.89,754,1.52
Maharashtra,NANDED,2017,Kharif     ,Rice,23300,931.3,34.21,13400,0.58
Maharashtra,NANDURBAR,2017,Kharif     ,Rice,19700,1144,34.12,30900,1.57
Maharashtra,NASHIK,2017,Kharif     ,Rice,50800,1058,32.1,70200,1.38
Maharashtra,OSMANABAD,2017,Kharif     ,Rice,17500,705,34.2,6700,0.38
Maharashtra,PALGHAR,2017,Kharif     ,Rice,8300,701.6,32.4,17600,2.12
Maharashtra,PARBHANI,2017,Kharif     ,Rice,22900,991.1,34.03,10300,0.45
Maharashtra,PUNE,2017,Kharif     ,Rice,82100,1085,30.74,153200,1.87
Maharashtra,RAIGAD,2017,Kharif     ,Rice,123800,3278.9,31.08,335900,2.71
Maharashtra,RATNAGIRI,2017,Kharif     ,Rice,77300,918.1,31.59,202700,2.62
Maharashtra,SANGLI,2017,Kharif     ,Rice,187,665,29.6,436,2.33
Maharashtra,SATARA,2017,Kharif     ,Rice,49700,912.5,31.22,109300,2.2
Maharashtra,SINDHUDURG,2017,Kharif     ,Rice,749,921.5,32.16,2051,2.74
Maharashtra,SOLAPUR,2017,Kharif     ,Rice,700,646.5,31.9,200,0.29
Maharashtra,THANE,2017,Kharif     ,Rice,137500,842.9,31.08,337200,2.45
Maharashtra,WARDHA,2017,Kharif     ,Rice,18700,890.7,34.3,12900,0.69
Maharashtra,WASHIM,2017,Kharif     ,Rice,22500,1344,33.65,20300,0.9
Maharashtra,YAVATMAL,2017,Kharif     ,Rice,3300,990.8,33.76,2000,0.61
Maharashtra,AHMEDNAGAR,2018,Kharif     ,Rice,5600,776.4,32.6,7400,1.32
Maharashtra,AKOLA,2018,Kharif     ,Rice,600,715.4,32.55,200,0.33
Maharashtra,AMRAVATI,2018,Kharif     ,Rice,800,708.4,33.12,300,0.38
Maharashtra,AURANGABAD,2018,Kharif     ,Rice,200,922.1,33.15,100,0.5
Maharashtra,BEED,2018,Kharif     ,Rice,200,922.1,33.15,100,0.5
Maharashtra,BHANDARA,2018,Kharif     ,Rice,188600,1012.2,34.56,305400,1.62
Maharashtra,BULDHANA,2018,Kharif     ,Rice,1100,1418.7,33.12,700,0.64
Maharashtra,CHANDRAPUR,2018,Kharif     ,Rice,2900,1117,33.69,5000,1.72
Maharashtra,DHULE,2018,Kharif     ,Rice,4800,1051.8,34.33,7100,1.48
Maharashtra,GADCHIROLI,2018,Kharif     ,Rice,300,2213.2,29.51,700,2.33
Maharashtra,GONDIA,2018,Kharif     ,Rice,172800,1370.7,33.89,294800,1.71
Maharashtra,HINGOLI,2018,Kharif     ,Rice,600,583.9,33.91,100,0.17
Maharashtra,JALGAON,2018,Kharif     ,Rice,500,721.9,33.81,200,0.4
Maharashtra,JALNA,2018,Kharif     ,Rice,6300,910,34.1,2800,0.44
Maharashtra,KOLHAPUR,2018,Kharif     ,Rice,600,1992.8,29.2,2000,3.33
Maharashtra,LATUR,2018,Kharif     ,Rice,20500,849.3,33.91,6700,0.33
Maharashtra,NAGPUR,2018,Kharif     ,Rice,57500,1068.4,33.1,54600,0.95
Maharashtra,NANDED,2018,Kharif     ,Rice,16400,931.3,34.08,8200,0.5
Maharashtra,NANDURBAR,2018,Kharif     ,Rice,20000,1144,33.26,16900,0.85
Maharashtra,NASHIK,2018,Kharif     ,Rice,50300,1306,31.56,58700,1.17
Maharashtra,OSMANABAD,2018,Kharif     ,Rice,166,705,34.8,69,0.42
Maharashtra,PALGHAR,2018,Kharif     ,Rice,125400,785.1,31.8,332200,2.65
Maharashtra,PARBHANI,2018,Kharif     ,Rice,9100,893.4,33.16,4200,0.46
Maharashtra,PUNE,2018,Kharif     ,Rice,82100,1007.3,30.54,136100,1.66
Maharashtra,RAIGAD,2018,Kharif     ,Rice,124000,918.1,32.44,311500,2.51
Maharashtra,RATNAGIRI,2018,Kharif     ,Rice,78000,1006.3,33.01,223100,2.86
Maharashtra,SANGLI,2018,Kharif     ,Rice,18700,730.6,30.37,38700,2.07
Maharashtra,SATARA,2018,Kharif     ,Rice,50600,912.5,31.56,76900,1.52
Maharashtra,SINDHUDURG,2018,Kharif     ,Rice,74400,3269.2,31.08,208000,2.8
Maharashtra,SOLAPUR,2018,Kharif     ,Rice,700,646.5,31.47,200,0.29
Maharashtra,THANE,2018,Kharif     ,Rice,2900,842.9,31.08,6800,2.34
Maharashtra,WARDHA,2018,Kharif     ,Rice,23400,890.7,33.1,24700,1.06
Maharashtra,WASHIM,2018,Kharif     ,Rice,1900,1048.7,33.31,1200,0.63
Maharashtra,YAVATMAL,2018,Kharif     ,Rice,2400,990.8,34.22,800,0.33
Maharashtra,AHMEDNAGAR,2019,Kharif     ,Rice,5700,409.8,31.91,8000,1.4
Maharashtra,AKOLA,2019,Kharif     ,Rice,300,715.4,32.84,200,0.67
Maharashtra,AMRAVATI,2019,Kharif     ,Rice,600,708.4,33.54,300,0.5
Maharashtra,AURANGABAD,2019,Kharif     ,Rice,200,501.7,33.61,200,1
Maharashtra,BEED,2019,Kharif     ,Rice,200,501.7,33.61,200,1
Maharashtra,BHANDARA,2019,Kharif     ,Rice,168400,1392.8,33.54,346800,2.06
Maharashtra,BULDHANA,2019,Kharif     ,Rice,600,979.4,33.65,200,0.33
Maharashtra,CHANDRAPUR,2019,Kharif     ,Rice,1613,1117,33.4,2517,1.56
Maharashtra,DHULE,2019,Kharif     ,Rice,139400,1032,33.76,190100,1.36
Maharashtra,GADCHIROLI,2019,Kharif     ,Rice,103200,2010.8,29.07,261900,2.54
Maharashtra,GONDIA,2019,Kharif     ,Rice,7700,1370.7,33.89,18200,2.36
Maharashtra,HINGOLI,2019,Kharif     ,Rice,1200,490,33.67,700,0.58
Maharashtra,JALGAON,2019,Kharif     ,Rice,1100,871.8,34.13,400,0.36
Maharashtra,JALNA,2019,Kharif     ,Rice,6700,910,34.15,3200,0.48
Maharashtra,KOLHAPUR,2019,Kharif     ,Rice,107800,1618.9,28.36,282200,2.62
Maharashtra,LATUR,2019,Kharif     ,Rice,19900,849.3,33.26,6200,0.31
Maharashtra,NAGPUR,2019,Kharif     ,Rice,70900,1068.4,33.54,80300,1.13
Maharashtra,NANDED,2019,Kharif     ,Rice,15600,801,33.89,6700,0.43
Maharashtra,NANDURBAR,2019,Kharif     ,Rice,210,1144,33.46,312,1.49
Maharashtra,NASHIK,2019,Kharif     ,Rice,49000,1306,31.98,49600,1.01
Maharashtra,OSMANABAD,2019,Kharif     ,Rice,5000,779.3,33.84,1800,0.36
Maharashtra,PALGHAR,2019,Kharif     ,Rice,8300,785.1,31.8,24600,2.96
Maharashtra,PARBHANI,2019,Kharif     ,Rice,9600,637.5,33.53,3300,0.34
Maharashtra,PUNE,2019,Kharif     ,Rice,54600,1085,30.74,107300,1.97
Maharashtra,RAIGAD,2019,Kharif     ,Rice,124600,1006.3,32.15,294600,2.36
Maharashtra,RATNAGIRI,2019,Kharif     ,Rice,77400,842.9,32.59,226100,2.92
Maharashtra,SANGLI,2019,Kharif     ,Rice,18700,730.6,30.66,35100,1.88
Maharashtra,SATARA,2019,Kharif     ,Rice,50800,912.5,30.76,82200,1.62
Maharashtra,SINDHUDURG,2019,Kharif     ,Rice,74600,918.1,32.44,196200,2.63
Maharashtra,SOLAPUR,2019,Kharif     ,Rice,400,454.6,32.61,100,0.25
Maharashtra,THANE,2019,Kharif     ,Rice,137500,2192.9,31.55,356800,2.59
Maharashtra,WARDHA,2019,Kharif     ,Rice,19400,890.7,33.45,31700,1.63
Maharashtra,WASHIM,2019,Kharif     ,Rice,2000,567.9,33.9,800,0.4
Maharashtra,YAVATMAL,2019,Kharif     ,Rice,1800,834,33.2,900,0.5
